{
    "dji fc300x 4000 3000 brown 0.5555 rgb": {
        "projection_type": "brown",
        "width": 4000,
        "height": 3000,
        "focal_x": 0.5552043622672056,
        "focal_y": 0.5552043622672056,
        "c_x": -0.009063347066173058,
        "c_y": 0.006055985883055674,
        "k1": -0.012031203420352415,
        "k2": 0.000856657095929965,
        "p1": -0.0019468800076238824,
        "p2": -0.001065232955892579,
        "k3": 0.008176091663041788
    }
}